image,specialty_2x_zombies
image,specialty_blue_electric_cherry_zombies
image,specialty_doubletap_zombies
image,specialty_fastreload_zombies
image,specialty_firesale_zombies
image,specialty_giant_2x_zombies
image,specialty_giant_ads_zombies
image,specialty_giant_doubletap_zombies
image,specialty_giant_fastreload_zombies
image,specialty_giant_firesale_zombies
image,specialty_giant_juggernaut_zombies
image,specialty_giant_killjoy_zombies
image,specialty_giant_marathon_zombies
image,specialty_giant_quickrevive_zombies
image,specialty_giant_three_guns_zombies
image,specialty_giant_widows_wine_zombies
image,specialty_juggernaut_zombies
image,specialty_killjoy_zombies
image,specialty_marathon_zombies
image,specialty_quickrevive_zombies
image,specialty_three_guns_zombies
image,specialty_widows_wine_zombies
image,t7_hud_zm_powerup_giant_deathmachine
scriptparsetree,scripts/zm/_load.gsc
scriptparsetree,scripts/zm/_zm_perks.gsc
scriptparsetree,scripts/zm/_zm_utility.gsc
scriptparsetree,scripts/zm/gametypes/_clientids.gsc
keyvaluepairs,zm_mod
